{
  "properties": {
    "connectionReferences": {
      "shared_commondataserviceforapps": {
        "runtimeSource": "embedded",
        "connection": {
          "connectionReferenceLogicalName": "xe_sharedcommondataserviceforapps_5570f"
        },
        "api": {
          "name": "shared_commondataserviceforapps"
        }
      }
    },
    "definition": {
      "$schema": "https://schema.management.azure.com/providers/Microsoft.Logic/schemas/2016-06-01/workflowdefinition.json#",
      "contentVersion": "1.0.0.0",
      "parameters": {
        "$connections": {
          "defaultValue": {},
          "type": "Object"
        },
        "$authentication": {
          "defaultValue": {},
          "type": "SecureObject"
        }
      },
      "triggers": {
        "manual": {
          "metadata": {
            "operationMetadataId": "0e38ad2f-7825-4d84-8d29-63f75707e111"
          },
          "type": "Request",
          "kind": "Button",
          "inputs": {
            "schema": {
              "type": "object",
              "properties": {
                "text": {
                  "title": "name",
                  "type": "string",
                  "x-ms-dynamically-added": true,
                  "description": "Please enter your input",
                  "x-ms-content-hint": "TEXT"
                },
                "text_1": {
                  "title": "taskid",
                  "type": "string",
                  "x-ms-dynamically-added": true,
                  "description": "Please enter your input",
                  "x-ms-content-hint": "TEXT"
                },
                "text_2": {
                  "title": "userid",
                  "type": "string",
                  "x-ms-dynamically-added": true,
                  "description": "Please enter your input",
                  "x-ms-content-hint": "TEXT"
                }
              },
              "required": [
                "text",
                "text_1",
                "text_2"
              ]
            }
          }
        }
      },
      "actions": {
        "Check_if_task_exsist": {
          "runAfter": {},
          "metadata": {
            "operationMetadataId": "22351081-4449-4b43-9c0c-72ba16b48e3f"
          },
          "type": "OpenApiConnection",
          "inputs": {
            "host": {
              "connectionName": "shared_commondataserviceforapps",
              "operationId": "ListRecords",
              "apiId": "/providers/Microsoft.PowerApps/apis/shared_commondataserviceforapps"
            },
            "parameters": {
              "entityName": "tasks",
              "$select": "xetaskid",
              "$filter": "xetaskid eq '@{triggerBody()['text_1']}' and _ownerid_value eq '@{triggerBody()['text_2']}'"
            },
            "authentication": {
              "type": "Raw",
              "value": "@json(decodeBase64(triggerOutputs().headers['X-MS-APIM-Tokens']))['$ConnectionKey']"
            }
          }
        },
        "Is_length_of_task_zero": {
          "actions": {
            "Add_a_new_task": {
              "runAfter": {},
              "metadata": {
                "operationMetadataId": "6a270883-52ca-4bdd-ae62-3b567ef406d8"
              },
              "type": "OpenApiConnection",
              "inputs": {
                "host": {
                  "connectionName": "shared_commondataserviceforapps",
                  "operationId": "CreateRecord",
                  "apiId": "/providers/Microsoft.PowerApps/apis/shared_commondataserviceforapps"
                },
                "parameters": {
                  "entityName": "tasks",
                  "item/subject": "@triggerBody()['text']",
                  "item/description": "@triggerBody()['text']",
                  "item/ownerid_task@odata.bind": "/systemusers(@{triggerBody()['text_2']})",
                  "item/scheduledstart": "@formatDateTime(utcNow(),'yyyy-MM-dd')",
                  "item/xe_taskid": "@triggerBody()['text_1']"
                },
                "authentication": {
                  "type": "Raw",
                  "value": "@json(decodeBase64(triggerOutputs().headers['X-MS-APIM-Tokens']))['$ConnectionKey']"
                }
              }
            },
            "send_status_to_parent": {
              "runAfter": {
                "Add_a_new_task": [
                  "Succeeded"
                ]
              },
              "metadata": {
                "operationMetadataId": "82e271c9-e632-44c3-816d-06ed3a5d9202"
              },
              "type": "Response",
              "kind": "PowerApp",
              "inputs": {
                "statusCode": 200,
                "body": {
                  "status": "task_created"
                },
                "schema": {
                  "type": "object",
                  "properties": {
                    "status": {
                      "title": "status",
                      "x-ms-dynamically-added": true,
                      "type": "string"
                    }
                  }
                }
              }
            }
          },
          "runAfter": {
            "Check_if_task_exsist": [
              "Succeeded"
            ]
          },
          "else": {
            "actions": {
              "send_status_to_parent_2": {
                "runAfter": {},
                "metadata": {
                  "operationMetadataId": "82e271c9-e632-44c3-816d-06ed3a5d9202"
                },
                "type": "Response",
                "kind": "PowerApp",
                "inputs": {
                  "statusCode": 200,
                  "body": {
                    "status": "task_already_exsists"
                  },
                  "schema": {
                    "type": "object",
                    "properties": {
                      "status": {
                        "title": "status",
                        "x-ms-dynamically-added": true,
                        "type": "string"
                      }
                    }
                  }
                }
              }
            }
          },
          "expression": {
            "equals": [
              "@length(outputs('Check_if_task_exsist')?['body/value'])",
              0
            ]
          },
          "metadata": {
            "operationMetadataId": "28f6d30f-38cf-4a05-8d74-01b9cbed764c"
          },
          "type": "If"
        }
      }
    },
    "templateName": ""
  },
  "schemaVersion": "1.0.0.0"
}