{
  "properties": {
    "connectionReferences": {},
    "definition": {
      "$schema": "https://schema.management.azure.com/providers/Microsoft.Logic/schemas/2016-06-01/workflowdefinition.json#",
      "contentVersion": "1.0.0.0",
      "parameters": {
        "$authentication": {
          "defaultValue": {},
          "type": "SecureObject"
        }
      },
      "triggers": {
        "Recurrence": {
          "recurrence": {
            "frequency": "Minute",
            "interval": 15,
            "startTime": "2023-06-20T08:00:00Z"
          },
          "metadata": {
            "operationMetadataId": "aa32186e-c14f-437d-a5a6-234a1ad80c4e"
          },
          "type": "Recurrence"
        }
      },
      "actions": {
        "Create_child_flow_blogpost_task": {
          "runAfter": {},
          "metadata": {
            "operationMetadataId": "faabaedc-3383-40dd-bf3b-ba1dd1f27868"
          },
          "type": "Workflow",
          "inputs": {
            "host": {
              "workflowReferenceName": "d5fdca97-700f-ee11-8f6d-000d3adeccea"
            },
            "body": {
              "text": "Create a child flow blogpost",
              "text_1": "create_child_flow_blog_post",
              "text_2": "c5966aed-482e-ee0d-abfe-11b28cd42c4b"
            }
          }
        },
        "Check_child_flow_status": {
          "actions": {
            "Hooray": {
              "runAfter": {},
              "metadata": {
                "operationMetadataId": "9a9a10f5-41a5-42e1-a5cb-89a9beb8c584"
              },
              "type": "Terminate",
              "inputs": {
                "runStatus": "Succeeded"
              }
            }
          },
          "runAfter": {
            "Create_child_flow_blogpost_task": [
              "Succeeded"
            ]
          },
          "else": {
            "actions": {
              "Nothing_to_do_here": {
                "runAfter": {},
                "metadata": {
                  "operationMetadataId": "7b0d45d9-96e9-47fc-8517-f503efc3f246"
                },
                "type": "Terminate",
                "inputs": {
                  "runStatus": "Cancelled"
                }
              }
            }
          },
          "expression": {
            "equals": [
              "@body('Create_child_flow_blogpost_task')?['status']",
              "task_created"
            ]
          },
          "metadata": {
            "operationMetadataId": "d87c056b-7b43-482e-8611-64a042e50d13"
          },
          "type": "If"
        }
      }
    },
    "templateName": null
  },
  "schemaVersion": "1.0.0.0"
}