{
  "properties": {
    "connectionReferences": {
      "shared_commondataserviceforapps": {
        "runtimeSource": "embedded",
        "connection": {
          "connectionReferenceLogicalName": "xe_sharedcommondataserviceforapps_5570f"
        },
        "api": {
          "name": "shared_commondataserviceforapps"
        }
      }
    },
    "definition": {
      "$schema": "https://schema.management.azure.com/providers/Microsoft.Logic/schemas/2016-06-01/workflowdefinition.json#",
      "contentVersion": "1.0.0.0",
      "parameters": {
        "$connections": {
          "defaultValue": {},
          "type": "Object"
        },
        "$authentication": {
          "defaultValue": {},
          "type": "SecureObject"
        }
      },
      "triggers": {
        "When_a_user_is_created": {
          "metadata": {
            "operationMetadataId": "cc07d61d-fb7e-4093-9212-490b6f675d77"
          },
          "type": "OpenApiConnectionWebhook",
          "inputs": {
            "host": {
              "connectionName": "shared_commondataserviceforapps",
              "operationId": "SubscribeWebhookTrigger",
              "apiId": "/providers/Microsoft.PowerApps/apis/shared_commondataserviceforapps"
            },
            "parameters": {
              "subscriptionRequest/message": 1,
              "subscriptionRequest/entityname": "systemuser",
              "subscriptionRequest/scope": 4
            },
            "authentication": "@parameters('$authentication')"
          }
        }
      },
      "actions": {
        "Create_a_user_task": {
          "runAfter": {},
          "metadata": {
            "operationMetadataId": "ac5ea548-a292-43d6-92a1-30ea82711114"
          },
          "type": "Workflow",
          "inputs": {
            "host": {
              "workflowReferenceName": "d5fdca97-700f-ee11-8f6d-000d3adeccea"
            },
            "body": {
              "text": "Start workin, go go!",
              "text_1": "new_user_start_working",
              "text_2": "@triggerOutputs()?['body/systemuserid']"
            }
          }
        },
        "Check_if_task_is_created": {
          "actions": {
            "Hooray": {
              "runAfter": {},
              "metadata": {
                "operationMetadataId": "fe346825-b76e-4496-a41e-7069b902b110"
              },
              "type": "Terminate",
              "inputs": {
                "runStatus": "Succeeded"
              }
            }
          },
          "runAfter": {
            "Create_a_user_task": [
              "Succeeded"
            ]
          },
          "else": {
            "actions": {
              "Nothing_to_do": {
                "runAfter": {},
                "metadata": {
                  "operationMetadataId": "a73be6e0-15cc-4c0c-ba01-bd2b1d663f90"
                },
                "type": "Terminate",
                "inputs": {
                  "runStatus": "Cancelled"
                }
              }
            }
          },
          "expression": {
            "equals": [
              "@body('Create_a_user_task')?['status']",
              "task_created"
            ]
          },
          "metadata": {
            "operationMetadataId": "d678c2c5-2390-4429-a3d6-39b2cc0934e6"
          },
          "type": "If"
        }
      },
      "outputs": {}
    },
    "templateName": null
  },
  "schemaVersion": "1.0.0.0"
}